feature_1,feature_2,feature_3,feature_4,feature_5,feature_6,label
1.6388394220596147,1.2851107376774125,-1.4260246293732906,-0.01434177088492413,1.421686165636601,-0.4523803696206609,1
-1.815767779173903,1.6928779870014026,1.982943078978776,-0.6950213773017522,0.1110568260958189,-0.725516714629764,0
-1.397913928587808,0.4487028317740246,-0.6863743714419724,-0.31092484315703506,0.7813368813230639,1.2018720587091531,0
-1.7476305849502634,0.3619480696474001,-0.6084046355772722,0.5126022802543516,1.8163360177387362,-0.2550144123925901,0
0.7815715803000318,0.6351059373208275,-1.2350581266640135,-0.5272001837985304,1.7230403022293397,0.5510544845120119,1
-2.0773103283499763,0.3544853326539253,-0.241813448387955,-0.2438869230525127,-0.002948267501845403,0.5199810877381822,0
0.5362515333029486,0.25690511048191056,0.21946551290051486,0.1720774290014532,1.4254026867191838,-2.300647988781126,1
-0.9142364650488857,-1.2062899283980184,-1.7861462093547011,0.3111408958027362,1.0335444028812675,-0.2321545618220329,0
-1.4062172976515086,0.6997461531806983,0.5450187574150769,0.29174412945821665,1.5883616942888847,0.37854490883932684,0
0.76848902366903,0.9435005244965775,-0.5724344759229094,1.4027944608359708,1.0028555982917826,0.828107245169563,1
-0.8475540961388736,1.5018256837951849,1.7272486350140501,1.4461314507626466,0.4720703378915129,0.6215193955437066,0
-0.22674466300264223,1.476221810080685,0.012401988586200008,-1.7393100396149208,0.31281853161651707,0.9547385508221709,1
-1.0577474996838427,-0.14955711804923622,1.6747775544552264,0.10075143325080015,-0.7569302640799995,-0.09725436484693901,0
-2.181398975754906,1.026438297379901,-1.429670457197219,0.5244660144938167,-0.4521132763683031,0.6323774044759469,0
1.9775504978375138,1.5397202152702316,-0.681818695948969,0.8687423169058667,-1.5882434717287977,0.6891558047802504,1
1.8933734367501742,0.2671702431008798,-0.6342733739331684,-0.02655217552283956,1.714675945495837,0.6728575109055861,1
-1.882433162481296,-0.1289963156777093,-1.2322776387540455,2.197166967186,0.6717169822147113,-0.6070923676807266,0
-1.5228420645319618,1.7547707150883276,-0.7036554257564275,-0.647284375949976,-0.9176775525036553,-1.250913953602476,0
-2.7031382426144694,0.888986745493809,-1.5395733099149842,0.031183240334543613,-0.2513698768243182,-0.03309712820390694,0
-1.5195038014502065,-0.12892437149684277,-1.300167390405597,1.5879340418032604,0.302842572201284,-1.0173650728350734,0
-1.5827217599855676,-0.1436318327402682,-0.7123789957921745,-0.14920441724057937,2.130011527376464,0.1060026141250562,0
2.6446637402681907,2.0800348437813287,-1.2848372959008991,1.943075844640758,-1.4793607287372588,1.2561225608739566,1
2.0379634337285735,0.3388081731263854,-0.6537188519402742,0.12572229995200102,0.5059891363712429,0.1364916253835903,1
2.2503146627058794,0.06769397089418672,-1.2625749191842734,2.342733107548364,1.4747927781679813,2.162066416653417,1
0.13956914256176722,1.023739148217739,0.08309911689222327,0.6622750128046078,1.243746967011437,-0.1469242556002813,1
-0.9177306313636346,-0.37153512869251504,-1.5904052719358894,-2.549593634580151,-1.0549202091984076,-1.5667514106845934,0
-2.2087257198509747,-1.068971263352574,-0.40665494823647347,0.8647382884451,-1.2445275251895298,1.1383789958540023,0
2.8728606200239297,-0.4543736311078642,-0.14774574007373387,2.0953883951902608,-1.2376309613506697,0.1614694773447496,1
-1.0614918210506257,-1.600272062849034,-0.09777786537396183,-0.3784737296935462,-1.7409601489985693,0.11968645170172555,0
1.7633792867919786,1.112748053026115,-0.4795888860943122,-0.26368357623300825,1.0582085244273967,-0.642666069686499,1
-0.7540559867738578,-3.141592653589793,-0.40390166528499705,-0.5377832117205363,1.846731500462112,-0.3429909933590347,0
-0.8334203450389301,2.2083877890528667,-0.6093794881543441,-1.9996428684312089,0.875048956761493,-0.07314757232176877,0
-1.122141926930866,-2.4617976838999276,-0.42539807829484194,-1.0225198354250655,-0.7938233325703323,1.1663580780880256,0
-1.0265221441769548,-0.1783012814170779,-0.10772262371576391,-1.0052867259495253,-2.233341026419021,-2.7340042052039677,0
1.6362052649403904,-0.2541727407070543,1.868871721492571,-0.08968414840572927,-0.14316519938232886,-1.9264112424128959,1
0.5857037571110146,0.42114430168723826,-0.3016945294566153,-0.07622710709999567,1.3484138671218835,0.07410320485933058,1
-1.1498114954325915,-2.4327397135360536,0.6481294670582258,-0.5072670929645142,1.170437684238,-1.5760151452893612,1
0.6169429667758402,0.2851380438140465,1.0092694999404284,0.19438787428231255,1.640304764676235,-1.3250907794012265,1
1.4390438414016735,-1.0812351145407921,-0.692103870756078,-0.8856625659133466,-0.02093065613143741,-0.7765483290789857,1
-0.5822615008656326,-1.6571598544346027,-2.257909223907383,-0.6606445802586598,0.01728793087646535,2.1533859513301388,0
0.3529713195884052,1.4691914291510826,-1.784841233285449,-0.4029756395007015,0.9543764391520309,-2.8392877402043193,1
-0.6645439072510362,-0.6985719239554167,0.9118109731606712,2.0374749746842773,1.3737937036314571,2.0178620982259323,1
1.84021749273208,1.1541794470861242,-1.149749252389475,-1.757727720617173,-0.2736478984394287,-0.04875466500110169,1
0.9685127326606944,0.42363119720245984,-0.5699991972523838,-0.9782513239313169,2.949427630989296,0.3961369357783144,1
-2.369639332325015,1.3794291903680598,-0.4837794850892828,-0.3309816172257706,0.376980342458741,0.18585564942875693,0
0.28320962134536387,-0.10137025673540051,1.921300979836225,-1.8652111835836727,0.169936124905271,-0.24450919098171403,1
-0.6096558866924907,0.269615522477184,-2.650545702261287,1.045638488091549,1.1578549530043962,-0.8835563752496839,0
-0.5786973006176899,1.246645771378354,0.43714524113419984,-1.9021081775230908,0.49680100544916983,0.9145907025372533,1
-2.083205958099841,1.408751580954192,0.2596596912080802,-0.33990994371029043,0.9415988535689647,1.7137627783045437,0
0.11733177062062561,-0.834471479060017,-1.0334867979227718,2.7082256399039246,-3.141592653589793,0.010953954016551685,0
0.5232435610333196,2.2940261591261306,-1.3804441235597948,-0.5013278609695664,-0.47017890577238064,-0.3287724601646424,0
-2.9777172533166754,1.4098967800618027,-1.670532588937788,-0.36686348698014093,-0.2126018315357705,-0.8579815963380786,0
-0.9849648863758238,-2.379561161388961,-1.901978607898071,0.42796540961517693,1.1950991780535545,0.9433864338918746,0
-2.2269198790292632,0.1442933779421527,-0.7640961704888638,0.7700706505446608,2.917156276802756,0.822844986735452,0
1.3001414495891788,-1.1855789037792621,-2.4942919729731736,-0.48236838669060067,2.4781380128939023,1.2000688464062135,1
-0.7914975801155327,1.9505947626994546,0.10141307728913918,1.5132461986071561,-0.22264987848421847,0.8400813148676584,1
-0.06409282748148953,-0.9094590564701344,-1.5375169579869232,0.563829474030533,-1.9683577643808996,-1.2846505619474193,0
-1.8023539336715275,0.5628443641104248,-1.5943730319946459,1.0523001425751517,-0.8658490587834238,0.11539326067889562,0
1.8075098908237779,-1.2042637134700138,0.5355321784061731,0.7534317360215389,0.3391055141725303,-0.43339049959843,1
-1.78731468584978,-1.0923669012270036,-1.4119563366738186,0.20677758007434802,0.8389222974377575,-0.5033298329764088,0
1.9607221264550798,0.8610933861552711,-0.7071268126925013,-0.6449050397230662,1.0379491255124138,-0.8502628057572588,1
0.4944823788125329,0.8256575675232201,1.4057582563052582,-2.4039976796624387,0.5787213094455634,-0.38703566295697256,1
1.076174968116943,1.0165914352069803,-0.26808606654645495,-0.40700088989489486,-1.056016056471225,0.7826300883889276,1
1.7865334782387077,-2.280260687997635,-1.4061509950423745,-0.15743060870001718,1.6331999086379287,1.8216800798710338,1
-2.6151480630513273,1.4664935659962761,-0.6476153809488807,-0.3754811067783456,0.8299046568445869,0.31983494520254707,0
-1.5621687308140966,2.317836729103551,-0.41798017627733647,-1.231861328920369,0.7374399765056705,0.6944683576726668,0
-1.9549701720792472,0.7427463393755089,-1.6028079672839093,0.8163609221617472,-0.8248172162490521,-0.24843600817514838,0
-0.7831112148210467,-1.6870627605884057,-0.11185843591105282,-1.2270930906554993,0.28043082754170606,-3.141592653589793,0
-2.525241127665178,1.5209709726005944,-0.46706946417539646,-0.10063852450609476,0.19609573555222876,-0.22728038986717106,0
0.49392260099719276,-0.1917785109108331,0.0745349387841504,-0.34134609866003024,2.123317326116703,0.856120400216627,1
1.7788705981010362,1.3739683697694505,-1.3091259690771073,-1.438370339773355,-0.003912107282692978,0.22253845652795712,1
0.14624053665539904,0.0320833079310594,0.6997757495659715,0.4647327054463788,-0.656657142034963,-0.463068825693346,0
1.5734408533830613,1.5372098778962078,-1.0253559543883362,0.2850856959574176,0.5042318240545232,-1.255157846146727,1
1.6841122381088462,0.8624425341439822,-0.0445651270687597,-0.5056378639953186,0.9579354237571382,0.06451036125632861,1
1.322874328328507,0.3278309671670076,-0.4339629197734124,0.2530799867043748,0.776619664766214,0.1043479337498721,1
-0.9549750890245589,0.7102989404738758,3.1415926535897922,-0.8078539300754749,-0.5742361271631169,0.14986088812402776,0
-0.8769893173531117,0.20364159122777617,2.5783738706754056,0.04709441510829164,-0.16587575148655886,1.5779212203721589,0
-0.3249168865166745,-1.2704682474836626,-1.9855028668702597,-0.8078644883348655,0.2809767332577856,-1.9218325037339297,0
1.918284925690244,0.7831571427837221,-2.051928521046274,0.8477593029513283,0.17810433912568852,-2.30884999916433,1
-0.26631761556961664,0.5001976440040481,-1.9033433367018373,-0.23564340653900534,-2.6760116303570456,-1.8300573364892208,0
0.3641973935360505,1.2875054209894619,-1.1134199277770955,-0.6417335175875998,1.6442983366386343,-0.13423339005031226,0
0.9612723833850181,0.7206301324153392,-1.500276819672725,-1.0707875655385517,1.0768604874378374,1.7510420243829519,1
-0.7293650230919564,1.1422781568588847,0.8033007596388531,2.0507439434352266,0.6089175302010701,-0.008038307215804674,0
0.284165921026297,0.6120995567797848,-2.543847535260988,-0.20925664835241495,0.1169870901394543,1.4904582101815103,1
-0.28703808950411047,1.1731615121622538,-0.937500979704699,-0.7692736548410134,1.3933584118496813,2.6659004077314807,1
-0.5822587337846699,0.3694780372065491,-2.622689448776291,1.1505609666077792,1.0915170414294941,-0.9023509333132261,0
0.007722349781290605,-2.510464136769575,-3.0593959517199134,-0.014883362019525219,3.1415926535897936,2.4187543030745617,0
-1.8589916191928453,-1.0082970449442668,0.02881726972235432,-0.8894977754597873,-1.1217169339883988,-0.06154560188077447,0
-2.2652937545731806,0.569043398339509,-0.17331837070757916,0.18563993400834347,0.30595689343306354,0.9507701098156505,0
-1.3686756514497969,-0.3294727825594618,1.6064500733317084,0.2917017499199519,0.5938504246681836,-2.3323550098916566,0
0.8104946904771133,1.6809679061256222,-0.9396967368370037,0.7777912625275202,1.2564213420173194,-0.044214716478429464,1
-1.8808298775041952,1.1683996814426734,0.9410938678511194,1.8287907498236966,1.260344425934619,-0.20891523584355481,0
-0.11862167610348562,0.6844402472579274,-1.9147595822362076,3.0208843329676647,-0.004008548832593106,-1.0786906820913842,0
-1.5532214220632437,-0.6107827293716157,-0.7909946164114314,-0.9117548416684613,0.5480105517404443,1.3502863110018002,1
-0.6438252602546789,0.6828303568091768,0.5163359376286358,-1.6178496904787643,0.09170870945211212,1.4312723098681792,1
-2.2641742806597787,0.10516191175066922,-0.5398686624386789,0.7725189802209185,2.369330901139268,0.1413558664513978,0
1.2806383130682126,0.4099722438753942,-1.2204801613032132,-0.07109516731844767,1.531672420707655,-0.05081502731014853,1
0.3777944869356207,1.2768062352935856,-2.15100753549003,-0.008821615684531034,1.7016451247921058,-1.8958015599492135,1
-1.869445922366805,-0.23892662608419235,1.021089563659006,1.0468054030743188,1.7496127762384133,0.12944102684726122,0
0.31703326920799757,0.5052568794651587,1.1796683124977045,-1.580642778204646,2.6668085143056244,-1.0418855115762546,1
-0.4967818739389144,2.461450992891381,-0.7087953656387334,0.13553535589376503,0.11300569962885076,0.7423652826406213,1
-2.6982828078959162,0.7895205969885697,-0.9747518090674216,-0.38175693812979944,-0.5715859720152945,-0.8801933158548711,0
1.5000666423502058,1.0435237073954804,-1.0335249130241124,0.18647488359170805,1.516928811528957,0.046594007174934206,1
-0.6392101418060905,1.698257970939682,-0.49232605723877665,-1.3607289574732073,0.6746103323867095,1.2807546897443578,0
-1.0305464641979598,-1.1514596193346562,-1.5740973303526047,1.9838950702985256,0.44231422576483653,-0.14466105778868873,0
1.1650222118348215,0.1194919621314032,0.11700533473607355,-0.06564865801198083,0.5718761459984946,-0.45266141138821814,1
-1.8594333100745035,-0.662360239654491,-1.9700026945095357,-1.7255524887435187,0.023853788898539563,-0.33679709079458986,0
0.4553649081843816,-1.086089434077924,-2.0786443133508676,-0.9669108990504132,-1.224610861954067,-0.34133024080135516,0
-1.184059104906006,1.7494255903365075,0.14057203405505936,0.9000772556402247,-0.48155411623453903,0.6390540663578258,0
1.223500946463531,-0.5607992913914402,0.7689491614242971,-0.48734390787137305,0.9927029303130999,0.021484828752945356,1
0.7706457294256643,0.9033813270775309,-1.2027659877676022,-0.2819350459316996,0.14739913060955512,1.4170572098027816,1
-0.5569273598085169,1.0663039355916664,0.4366568953206399,-0.0014468402922866164,0.14892498562149298,1.5480887649848882,1
-1.7473672394380955,1.755556668967789,-1.0418470102469117,-1.0144679168585142,-0.054782459436860886,-0.7176828011138588,0
-0.4254307880788568,-1.8636792650263234,-2.773659931006276,0.7467733661485745,1.5434203797086796,0.5773826626949693,0
1.4321893167535038,1.0347467234840728,-1.062922014644708,1.0866308791264965,-0.05940045334349653,-1.5610356674187762,1
-0.6588883403441599,0.752585200985169,-0.34257367931848753,0.7474382062942928,0.815760046094134,-1.5088986401161049,0
-0.3976386904705637,0.8249332660847295,-0.6175597008350004,1.720276741111862,0.35177863604659004,-1.7026093615497768,0
-0.6456889925847504,2.072728946430324,-1.5555502263548737,0.13902790540551402,-0.2488342804028908,-0.9724929141079133,0
3.1415926535897936,-1.8720864616954285,0.435589302279227,2.244991059481077,0.2375653111334178,1.1433149628305297,1
-1.3700421704867285,-0.899386210390154,0.10626220008318732,1.1313816797636123,0.7942556824648388,0.06102901212631542,1
-0.4214843379472043,1.3331503319396463,-0.1927876613086268,-0.08430706254184758,-0.5426591362326281,0.7651295944506838,0
1.0709981646557043,-1.792026196130172,-0.08491091408860152,-1.4085699973835368,-1.4805936553342436,-1.6381783423613652,1
-2.4263512332050174,0.3734358967907252,2.0286031418441843,0.046238451364442795,-0.08074930711464157,-0.5414650903135734,0
0.8657262755402253,3.000588908921825,-1.1331052909179036,1.493112699601455,-0.7023980712717672,0.16445094031759158,1
-1.452488367517017,1.928390904278575,0.6741064793967462,0.9839530387536776,0.4283866461883917,2.1371151830148705,0
0.41335146815776214,-0.3971745326202163,2.3198048751354987,3.1415926535897927,-0.008085175604453543,-0.5338152121597313,0
-1.765359743556179,-0.5707909329560764,-2.082907934504295,0.31737805438546884,1.2918839193193292,-0.6490315627278156,0
-1.8642134223338331,-0.13681835759602956,-1.9566617526706729,-0.3764457361072411,-0.5184695666023129,0.2140068824735312,0
1.595976647581904,-1.1740226472443094,1.9642628568197762,-0.6749384241776047,1.4816843426691333,-0.3432171189610453,1
-0.9364789677965111,1.521193809794051,-0.3206617908853112,-2.378581597945543,0.5562459789089811,0.14909852325134612,1
0.9857087214443765,2.6721117854913197,-1.2451711004479784,1.088653232481558,1.0030063184610731,-0.7771238169661797,1
-0.25375505150976,0.2855119442608049,-0.1452093928906607,-1.918342387906203,1.8669289874192216,-0.904385952071809,1
-2.2408714696863816,0.6864537518209626,-0.010937635892822373,-0.019714841361553354,-0.03558640101545241,0.46142371716221986,0
-2.5793500189268737,0.7256271211543017,0.14280326341223137,1.1364369950507056,1.8641822406288426,-0.24054101858505234,0
1.6907225840830042,-0.7706958953255807,0.9647436514087879,-2.251074110892496,2.4276255017157533,-0.8045312160683519,1
-0.036199816900015835,-0.2419113564291686,-2.310323668207462,0.4052936909546849,-1.0170668854048373,0.6140638083480834,1
1.4932993306612148,1.4573050758397474,-1.0455580395057582,-0.47920908562222453,-0.11917943240578532,1.0279661321282716,1
-1.7781078779114456,-0.03060525450160051,-1.6857093752255423,-1.0783039894722852,-0.9129591968262469,-0.355576351082135,0
0.35324510900302675,-0.05262652566605386,-0.1802795985844977,0.2832396082152727,0.7864715050492599,0.8536870791436397,0
-0.27802249271063306,0.23967357321024885,-0.7639704315897637,1.4815539849579806,1.1719525250370397,-1.1104726974037367,0
1.2432665843981274,-1.1697574731026932,-2.877433121255115,1.6932516612447308,-0.31630789157797834,1.5086042370968002,1
-0.13825463539313337,0.7423238048080417,-1.3796392244334827,-1.4796673674902017,1.2694353500326305,-2.295372862671512,1
-2.655687140443567,-0.18122927562648627,-1.645599655567636,0.16983486560141858,0.13739450181190616,0.8082749953812187,0
-2.1743736561723788,-0.8947438628203694,-2.0538413485299936,-0.8738896060739194,0.2877635955442419,0.8318461298546558,0
-3.141592653589793,0.9394101588362751,-1.0042044337366176,0.8294603883674552,-0.1943603403183224,0.3890050132970338,0
-1.5169956585200197,0.6471417185982579,-0.3177766181325963,-0.17401432766054378,-0.03944447616932656,0.5513082181607804,0
-0.7816270943010644,-1.4321210014483974,2.1757741747882737,1.5976589008495863,0.9372852253523085,-1.0153535544014196,1
-1.830365051089964,0.5020233471838975,-0.14575391212250793,1.8675833839120557,1.5526610433524959,-0.3146318868844147,0
-1.329647270721868,0.5118265088564389,-1.694119477763398,0.9372544903965364,-1.2755996352445491,-0.23156540772209627,0
-2.629952614638719,1.2838177458676718,-0.07780313660018773,0.09687243796082283,0.17217542897993937,0.20012031980650102,0
-1.5316560878149363,-1.3383377149784426,-2.317368523332489,-0.4211910448012387,1.7090843118123822,-0.09029270373541258,1
-0.6239723161643574,-1.687508717782388,-1.4032159141198925,0.5371302005143979,0.4432646984785693,-0.656081450809419,0
-0.4490204662584296,0.9964699024172986,-0.41701424651355534,0.6212819948699342,1.6002247238934997,-0.004545057080270316,0
-0.9892532022435455,-0.29686438018835304,2.543647845238025,1.491895471498187,0.2440670984734173,2.0675258752931684,0
-1.5130218461966445,-0.8745666187010317,-0.8689843978596954,1.1661186329307587,0.5169969865332493,-1.024908180823493,1
1.9373099084735088,0.1297675322818542,-0.4171650220657733,-0.06109299119281926,-0.8749770632499276,1.7741892643663182,1
-1.8522399380074182,1.3530388520628378,-0.5307499798982879,-0.5003406280623648,2.0086896277699404,-1.5334142843856442,1
-1.4460087101572645,0.6777451907564964,-1.250349338970661,-0.8102009353690263,2.4779593077768736,-1.077741419465146,1
0.2100940995661651,3.1415926535897936,-1.2426148681993376,0.28472600970660306,0.17565818425010254,0.5260584073869876,1
-1.267739697717901,-1.273355931193153,-1.4061013511484712,-0.23732773675642876,-1.1070899703317005,1.0145735241931526,0
0.9074849457593595,1.4519139646872257,-1.0834253243047987,-0.44940812779902967,1.7205672108625554,-0.7919623488979364,1
-2.891753841954429,1.8151021282939932,0.06918553945923345,0.48316730030261257,0.21688808999387715,0.1801429672238785,0
0.03068966891731445,1.6156148751125115,-0.9517424298414605,0.2792331948539435,1.8065081347026866,-0.5678934359032816,0
-0.7664202371371802,-0.8161597849139361,-1.4242801744147409,-1.1617017083233419,-0.38065946769780723,1.7046172001346955,0
-0.40334953343125796,1.4316236312802888,-0.6373961465663883,-1.9134051511508727,1.2057333606301115,1.2760985420887587,1
-1.637876890196191,-0.47011279023980745,-1.8140146586445869,0.49958813429421617,0.8250119750811251,-0.7991292607580861,0
1.5753251697674302,0.090973599026344,2.2461086116167133,-0.616799298598045,-1.2805807248932761,-0.036414199692675266,1
-1.4933037710995212,1.2289728170123944,-1.3533525135328763,0.3391972116179929,0.9260739250942258,0.8392305212561595,0
-0.4827747513787398,0.3503162096162933,0.04116104199638604,-1.8357834596436664,0.20120681777433858,1.075900794450981,0
-0.6219216467506432,1.5115781395269137,-0.13123849305759805,-1.6362413122091757,-0.5289317079432192,0.24433996190095184,0
-2.1135751577399966,1.6363541333150038,-0.2956478785290003,-0.10118550720195724,-0.2598400880394214,-0.1610462187221945,0
1.3095856645941144,-0.9615699097490407,1.5369862460652506,1.345173897563978,1.234117653024353,1.041300168067425,1
-1.3000088001477361,0.681631951752478,-0.6977009762297808,-0.43565008755465523,-0.013280656680188963,0.8119510385419193,0
0.43499208361221486,0.631508873129984,-2.174217614947282,-0.4697803003727372,-0.7228252916868378,0.7698812265613192,1
-1.1584507701798026,-1.1349645001314324,1.5212373304172653,0.8953640704324869,2.402451740343218,3.141592653589794,1
-0.916059220538677,0.6758989504668139,-2.9939535343960997,0.6636637755604323,0.7616437265144735,-2.128029264068688,0
0.39947437457622925,0.5615764676245648,1.7152735708343703,-0.10584933887355671,-0.9655428593480311,-0.6089841336389106,1
-1.5381188173858567,-1.6403839401589244,-0.9570522756029708,-0.9617892140530042,-0.5646241690692286,1.0116119097763079,0
-0.535515685527671,1.1601961818984696,-0.6931509732639303,0.5477984917725232,2.28432731166117,0.5758998858877324,1
-1.8846719745511515,0.5150944880687763,-2.5045595522799036,0.33277125483998043,2.0033359642206294,-0.9258368289611085,0
-1.5346295913267705,0.7347764648906513,0.33362545226563356,0.40302069897052145,-0.7902183158002825,0.8358981022596605,0
-2.352283556715893,0.19168311238577385,-0.5870006589824152,-0.316235494118337,0.8534045205121217,1.0537804628785703,0
1.1720622416723387,1.0893349292825296,-1.2079836087188978,-1.6296080948411928,-0.11387362690345959,0.2220662369116491,0
-0.7532475703941981,0.29367422060381615,-1.9813131840419307,0.0688738244078017,-1.7484722860038842,-0.7974833733875121,0
-0.20435529896949736,0.4675588984890918,1.1553247586031887,2.4122948346081805,0.2836178645443109,-2.26644320006734,0
-1.446228862812536,0.3850093812801328,-1.6790772885841636,0.11186948172620734,-0.7532178570992945,-0.5946094733017532,0
-1.98520256469315,-1.2632200683236705,0.01194857083817269,-0.48877132463190887,-0.06823702646740692,-0.0005288887558853872,0
-1.62147188267673,-0.012319571278825103,1.1349224328150884,-0.45723988635382506,-0.7039192145315021,-0.026431926194945658,1
-1.3651700397372923,2.3482331108318104,-0.3190108089999792,-0.3170101731883765,1.9186496179767054,-0.6848926090069929,1
-1.7009994910601471,-0.687654293650964,-0.6201087544489576,-0.31522697594301835,-1.0237044168903162,0.6163064407962662,0
-1.1746054337453902,-0.9667132548105859,0.10588083848959984,0.4901705357505759,0.6843620203584952,-0.1671437258690704,0
1.5043420959865927,0.546910204678183,-1.7868759762697062,0.10218413889198044,1.2324005626059966,-1.4168497767517867,1
-2.210210603500717,0.1797041908364641,-1.04059397214631,1.712136379531339,0.637434773383169,-0.5910850941831225,0
-2.0318710389847574,0.9713413514244948,-0.6854073123602094,0.05262171270284325,2.1235553533458003,-0.6326264310825278,0
-0.13691352072287621,0.7104368414295817,0.17381568732614794,0.2577884015782424,1.3404150443851242,-0.19047887203793748,1
1.1125166406418383,-0.13164232923299096,-1.216700331579473,1.2047724292260833,1.692576341970476,0.06016571051586553,1
-1.1073307455054602,-0.4117804748529095,-3.141592653589793,-1.2724850860678054,0.7261646896151595,0.8109474659661158,0
0.7861578225187591,3.0540416041067795,-1.3835885878405294,0.8598019018346444,1.0415672028241074,-1.3126422741943213,1
1.2243321812697174,2.0874528471247293,-1.223579318399754,-0.693748490469592,-0.125638595802816,0.269704334152192,1
-0.8127486223616773,-0.35672516138168886,-2.3570542486550794,0.8456451124945608,0.6551686592923863,-1.0642452987870497,0
-2.109871079967909,0.9557927671185397,-1.017690815486032,-0.0658497396619672,2.545635201892163,-0.5242113613864204,0
-1.9876378214757795,-1.0996724627505383,-1.6542191219662212,0.1363853656943635,-0.10993359248273549,1.3845670484809554,0
-0.33200594609586714,-1.648738998494056,2.3694392924133987,1.340502109374851,-0.03313384229945093,-1.6297004459334001,0
-0.34586215754315774,0.9623307671325868,-0.48895234058051557,1.9243308598176196,-0.9343658991001369,1.1797623472980627,1
-1.2428044203078352,0.8731073364555006,0.12089488963075945,-0.7359628469009029,0.08467640403958776,1.239381261520576,1
-0.996358249945003,-0.8304973081557816,2.1245973656253834,-1.1957212163317474,1.946076233843587,-2.0428321709639987,0
0.6977811765791924,0.4241103284389106,0.797868268936798,-1.2274759185933406,-0.44547667629411314,0.5838170098128359,0
-0.5410377772270069,2.357740897490131,0.13218043369561194,2.2646913662593975,0.21005532738215432,2.057484366749724,1
-1.1100571470163372,1.242862113435825,-0.5330726031203095,2.2063728648455943,1.1834059009500932,-0.4747711471715964,0
-2.1449891307998086,0.5670237996335619,-0.2611417146310867,0.811311669530374,2.0193568307190097,0.031330795865208816,0
0.13079281004752763,2.2005034938251415,-1.898330701818344,1.3428586937176774,1.2135582297192278,-1.6375399905293064,0
0.9471107178506231,-0.9146454170520695,-0.8218450243908937,0.37017384612161425,0.6429840439083307,0.671622330123062,1
-1.5397059326118874,0.8782007664669608,-0.6097124713002317,0.18138320970827967,0.40394021209887154,1.5142405563991919,0
-1.6483006237783324,-0.02147101880827429,1.7766598972682899,-1.4476838427239334,0.6434387660731723,-0.8336093332066867,0
2.344128714501423,0.8345211798492399,-0.7133014042830927,-0.8381816942197226,0.17557281687394577,1.4415305373218374,1
-1.083262401107807,-1.3942906473314522,-0.016671541834471948,0.026634125375908327,1.4026283339022516,-1.6403739789115774,0
-2.142961688482896,1.3921477542185092,-0.8610811673137206,-0.7440689130116351,0.26648524189092504,-0.34522426187769717,1
1.0571449937411883,0.2670430011974984,-0.7448095507862232,0.264450118268906,2.151912565754876,1.214977315296748,1
-0.7191985652277686,1.4405936472674554,-0.7311193583808583,-0.3201616110047943,2.0853238234074585,0.11635597940206795,1
1.699363884876349,0.9014618653000441,-1.2048545371614936,-0.8512917414410394,-0.3252774700681734,1.0130393446886152,1
0.5762479375660627,-0.18029073709308063,-1.454128577109386,-0.6366935399120578,-1.5849246918359632,0.20907370977294965,1
-0.9393953414484835,0.09062632549999877,-0.6208918922348278,1.683029287969641,1.1322494144202286,-0.47861645416123355,1
0.1039231137798251,-0.0908867136582463,-2.2708710030447805,-1.145148915713747,-0.3933255874846927,-0.6392054632909443,1
-0.3545294751501541,-0.10729622351687274,0.6971927851491031,0.7479720482841314,-1.3114463125285118,0.04696577724727922,1
0.3213217077927498,-1.1159837969213005,-0.8103277252808195,-2.6573037101257846,2.2526224268876405,-1.2048851978798825,1
-1.2596566325522676,0.5833684192967025,-1.202652601507425,0.048847652665315794,2.646353492200044,0.1799747461723932,0
0.40479870807023555,1.1572412372855845,-0.7196993208021045,-1.79090911240294,0.5094332125262738,1.185344474760149,1
-2.1530546267375343,1.1980568333942894,-0.5326920546478353,-0.3076184049022341,0.6329728574220475,0.9248295154065531,0
-0.5944003168860145,0.20791540013372103,1.0158346127083033,1.8115529247113729,1.047091451879929,-1.4541866162833224,0
0.7347347076901223,-0.4624427060150088,-2.3256570194678714,0.4751476971008762,1.393256205250774,0.8858047164947899,1
-1.6796535354565012,0.9202912705542619,-0.22431530168500302,-1.0286693012004515,0.8932527763890514,1.3556388238246944,0
-0.22577264920581558,0.7011973202103183,1.93786041411931,-3.141592653589793,0.6150414280011811,-1.133153846072708,0
1.7001400272659546,1.245413844084613,0.8835738166579179,2.2585993128928163,0.8911155297200003,-0.5586708504279368,1
1.2070090489556904,-1.3590271920721335,1.101509213080624,-0.6599839920594684,-0.7444532810208593,1.103791095292718,1
-0.36572189156953755,0.5399271439039712,-2.5031039641062343,-0.444427789124298,-1.3471515045941074,-1.089111466427111,1
-1.261678976384141,-1.6423727376852768,-1.9148426531485634,0.08042730055861486,1.2968441291397492,0.46387361368682845,1
-1.5967372846174601,1.508977198098038,0.19431386006381812,-0.38253301617931035,1.010642376588394,2.4527395197755237,1
