patient_id,true_label,feature_1,feature_2,feature_3,feature_4,feature_5,feature_6,kernel_pred,kernel_prob_positive,kernel_correct,vqc_score,vqc_pred,vqc_correct
0,0,-2.9044880887964823,1.84658537173408,0.3628371318412876,0.3957032064887273,-0.1282274134273257,-0.104222035353342,0,0.2078,1,-0.3474,0,1
1,0,-1.9871745034739836,-0.045151595532786,-2.051465473009595,-0.7339918638589442,-0.0768111495416616,0.4539830750939001,0,0.0534,1,-0.8517,0,1
2,0,-0.5209607828425169,-0.1334979578240341,-1.444135946009408,0.1266474113312471,1.5172757552639358,-0.8512120126111915,0,0.2248,1,-0.2602,0,1
3,0,-1.268397566818515,-1.1336410380005335,-2.0376378912736266,-0.8120353833286681,1.521683666062107,-0.7100428103138995,0,0.3344,1,-0.6529,0,1
4,0,-0.6494519240107884,0.5097738211830505,0.3422655911803297,0.7238820266896936,1.5817563750886012,1.3351990078215954,1,0.5533,0,-0.2698,0,1
5,0,-2.1587675612484043,0.8309089565493337,-1.5351847399938352,0.8058946849956193,-0.6843892459806937,-0.2385071830123733,0,0.0609,1,-0.7478,0,1
6,1,0.1304836807542571,0.3696872110081219,0.8006364660996985,-0.1317574538597675,1.4504391872614049,0.5992845949458285,1,0.8202,1,0.208,1,1
7,0,-1.9515145288171605,-0.3001461588968076,-1.3935436078011905,1.0321262248055734,-0.7114002338827443,0.5217494011866761,0,0.0931,1,-0.7003,0,1
8,1,-0.1798985399852734,0.5332110248449363,-0.2339683369034914,2.0980929283814227,0.0478022871955698,-0.6403065676585652,0,0.2978,0,0.0284,1,1
9,0,-1.8353589759986724,0.0744020821135558,-2.318683125478471,-0.2948776880552347,1.3010373343876838,-1.3977680459269892,0,0.2083,1,-0.8607,0,1
10,1,0.8972799430020777,0.2379349086374567,-1.9044198344720344,-1.3025410467263796,1.5887493982843643,-2.3219132566758702,1,0.7818,1,0.7213,1,1
11,0,-1.9435597051285165,1.140039228834549,-1.297928239008881,0.9259980298639938,-1.784722078440462,-1.4253275898366364,0,0.1364,1,-0.7236,0,1
12,0,-0.3952412352348627,1.1334616420949932,-0.2168402925615454,-0.3135033725642962,0.0324339385399065,1.4336985801640232,1,0.6409,0,-0.1175,0,1
13,1,0.4560115045578844,1.488403075697069,0.7434701848640528,-0.8812914531464766,-0.552048864570382,-0.0412001450177899,1,0.6592,1,0.3949,1,1
14,1,0.5072564828443278,1.8673366036762316,-0.3675701171182775,-0.7759434241962031,-0.8918715657862835,-0.2050270442603933,1,0.5,1,0.4989,1,1
15,1,-1.0064753849611805,1.640504345749337,0.0031591815018534,0.9061591519919868,-0.2340270277361159,0.8257760470643303,0,0.3427,0,-0.5533,0,0
16,1,1.077550280262299,-1.1777187676688186,-1.6215050831470064,1.6808351955876366,-0.0559837075751008,-0.6484187687139505,1,0.6268,1,0.6455,1,1
17,0,-1.677876969406261,-2.1318282805620434,0.9053270353339216,1.535311526852262,0.4795760848180144,-0.6526822654262173,1,0.6497,0,-0.8761,0,1
18,1,1.918409003687107,0.9423465764757432,-0.3040554863340776,-0.8119281301194143,1.287921167852013,-0.863408959916693,1,0.8625,1,0.6488,1,1
19,1,1.0757940664405947,2.322399075039674,-0.4236179244333958,-0.7346177873414426,-1.0994067883716645,-0.4361373338702786,1,0.6155,1,0.7194,1,1
20,0,-3.118751086965996,1.4324000495118097,0.2375756901630313,1.6906673246156387,2.322218120674539,-0.0008483469040873,0,0.4037,1,-0.1704,0,1
21,0,-2.514621803924924,0.8339442896799824,-0.5882804128610605,-0.0603144495521591,0.7622074055421688,0.7146523415578935,0,0.0703,1,-0.5686,0,1
22,1,1.364503316734877,1.0741800116432358,-1.0819541436555389,-0.9491645945837678,0.7265300101147354,1.4256705974414767,1,0.9344,1,0.7681,1,1
23,0,-2.8851132676758806,0.7452187169020976,-1.2093433863562864,-0.0356862275795345,-0.6626465505359105,-0.6008544470515085,0,0.1405,1,-0.4154,0,1
24,1,1.1776995758869155,1.2424871832125846,-1.5826384566574068,-0.8586620438547639,0.811806946915163,1.3324868136488248,1,0.9209,1,0.8246,1,1
25,0,-0.4291553227110265,-0.4396377976209854,1.2493463826801658,2.127761192603586,0.5978940994598512,1.4610781637679535,1,0.678,0,-0.0999,0,1
26,0,-0.1405700236938238,-0.4477434022681735,-1.9799221118599155,0.9463060938857836,-0.8788628169067503,-2.189384839715279,0,0.1498,1,0.0374,1,0
27,1,0.4923392473447201,0.7984664780312655,-1.7509143503961555,-0.7743180019510125,-1.7356179958149598,-1.53870358825432,0,0.3856,0,0.6204,1,1
28,0,-0.7769135887993516,1.6219700495306382,-0.636545901494065,2.896000335340089,-0.185467115294824,1.2556095450826017,1,0.8689,0,-0.3222,0,1
29,1,0.6288825335044155,0.2586930901268832,-0.267326401053985,0.3146771965769964,0.7284143288057714,-0.6008490586093435,1,0.791,1,0.4904,1,1
30,0,-1.4716016582726186,-0.3224299909807904,1.5751239200145664,0.3211937155792289,1.175987495138635,-1.5486201330882232,0,0.1489,1,-0.6708,0,1
31,1,-1.529648413484608,-0.5438888785230312,0.5239120487800273,0.4966692161683794,1.2706020276941408,-0.0975631728246922,0,0.1044,0,-0.6396,0,0
32,1,-0.5427352452084093,0.8932192118473621,0.3075741013258327,-1.00547814266281,0.5762696571465541,-2.792529857031288,1,0.78,1,-0.1851,0,0
33,0,-2.350007061225328,0.8482383866477028,-0.3949034635189622,-0.267993529749675,0.6199962440032715,0.8510548648540616,0,0.0812,1,-0.6196,0,1
34,0,-2.964970235314738,1.5274326283067758,0.355384912518357,1.65999705888686,1.5103929416278254,-0.99863910319453,0,0.4123,1,-0.3032,0,1
35,1,-0.1604309414444895,-0.6514011337761043,-2.145249047943331,0.4034931175046279,-0.9111807604278386,1.056375796161892,1,0.6157,1,0.0587,1,1
36,0,-1.3143516427820343,0.5758351145811628,-1.757418144248193,0.6672886023753627,-1.3831128299155393,-0.6246619305334461,0,0.0767,1,-0.733,0,1
37,1,1.0450317296371108,-0.3337202434920771,0.5848729593988611,-1.179270779220072,-0.5128078477921476,0.6600584780047241,1,0.8337,1,0.5729,1,1
38,0,-2.108504155846457,1.1856857082325791,-0.2128999169287875,-0.3244679067487406,-0.1582495372335113,0.0675798269517044,0,0.0825,1,-0.6925,0,1
39,1,2.054389451021092,0.7641490057514213,-0.1222246233735003,1.106292193923972,1.092878540022204,-1.277095716688288,1,0.8867,1,0.4629,1,1
40,0,-2.1087793649002924,1.4942722986856976,-1.2777122948862822,0.8967574781515752,-1.3428122510521452,-1.0765987170399924,0,0.1179,1,-0.717,0,1
41,1,1.9310727812713044,0.8739446286784046,-0.8458053692508797,-0.1940699632582341,1.4491088481320311,-0.1899834357332213,1,0.8508,1,0.6431,1,1
42,1,1.9614628552020044,-0.9890328299963445,-0.9828497188764,-0.6962182014058208,0.961949989474058,-0.9428672323999446,1,0.8419,1,0.5793,1,1
43,1,-0.4716423078279097,-0.0268623577232535,-0.0387772208235894,-1.7839716641521526,2.7990293141543345,0.4564718301565721,1,0.7085,1,-0.1585,0,0
44,0,-1.20076949564838,-0.7027720099266539,-1.324447810283195,2.106139310423949,0.2027681531811249,-0.515581906421577,0,0.1381,1,-0.6129,0,1
45,0,-1.59561222190811,-0.4470262765754047,-1.828560041591636,0.1233201606748355,0.94510519864581,-0.699186998042588,0,0.1074,1,-0.7484,0,1
46,1,1.0374214069964325,0.8795782391287259,-1.861449495439232,-0.0526780877469857,-0.3172222306528599,-0.2379075759248888,1,0.9164,1,0.8254,1,1
47,0,-0.4729262101287368,0.1905695568044143,-2.802664037826209,0.3128270000977634,0.131695565000278,-2.425855439311265,0,0.2292,1,-0.2013,0,1
48,1,0.1082333579977541,0.1844297926401801,0.3595218495247344,0.9960840808962032,0.6985733180667867,0.5986721217446204,1,0.6665,1,0.2032,1,1
49,0,1.1414290563332097,-0.4387919914107748,0.8162125577386441,4.207576137653171,0.0517650130316588,2.3360632155668064,1,0.7029,0,0.595,1,0
50,0,-2.103279296528936,-0.2985279813219696,-1.946773196359704,-0.0260782819477253,1.2543733198331453,-1.2172473786534352,0,0.219,1,-0.7608,0,1
51,1,1.5210440210502405,-1.1321221877497252,-0.9916595978273764,-0.9705784149027998,0.8381206582302629,-1.4192078712102991,1,0.8061,1,0.6998,1,1
52,0,-2.223918480219893,0.0562606188966986,-1.328441529374964,0.2677245175089133,-0.8038116348476889,0.1674730743541929,0,0.0534,1,-0.6813,0,1
53,0,-1.771463120851106,1.501337590939957,-0.8579519212305335,-0.1310162203006281,0.8063787810488368,0.7278793600999492,0,0.0512,1,-0.809,0,1
54,1,-1.6296919085991088,1.1131572481486454,-0.7097537636211942,-1.6518215121767188,0.3408030837815087,-0.5128700777569223,0,0.3444,0,-0.6657,0,0
55,1,0.9134116501225316,0.9448301921489592,-0.4708236240316135,-0.6547462969762443,1.3861711416461853,0.0593376000082439,1,0.9143,1,0.6044,1,1
56,1,-0.7342563294422134,1.8579216871648996,-1.3489077017731417,-0.2616530696772029,3.272259200346382,0.7078972037436885,0,0.3743,0,-0.2959,0,0
57,0,-1.7317649769890766,0.6571860314743168,0.4176435031058104,-0.1839909139443918,-0.4922845641276148,0.1196165414010735,0,0.1064,1,-0.6194,0,1
58,0,-1.3786443595232882,0.8636254966231242,-0.2974673621950516,1.4756117099760198,-0.5660448029637146,-0.0748975269013927,0,0.156,1,-0.6666,0,1
59,1,0.5436888620881607,1.5953222851441908,-1.83265000419421,0.1851135794952649,0.7357317171643127,1.602384125591252,1,0.914,1,0.5879,1,1
